idNotes|idUser|nameNotes|textNotes
3|21|13241234|werqewrqer
131|21|123123|wqewe
132|21|13241234|werqewrqer
133|21|123123|wqewe
134|21|13241234|werqewrqer
135|21|123123|wqewe
136|21|13241234|werqewrqer
137|21|123123|wqewe
138|21|13241234|werqewrqer
139|21|123123|wqewe
140|21|13241234|werqewrqer
141|21|123123|wqewe
142|21|123412341234|"Placerat nam et fermentum mauris imperdiet risus natoque facilisis auctor habitant, vel nisl aliquam nec lectus finibus porttitor posuere. Curae tempus metus erat platea aenean aliquet egestas eros purus, blandit eleifend augue donec faucibus nascetur enim odio torquent, habitant inceptos eu ipsum orci fringilla iaculis montes. Purus cras dictum massa augue congue et est ipsum, penatibus aenean hac luctus a arcu nisi, dapibus id nascetur enim nostra montes egestas. Libero praesent eros vestibulum leo aliquam nullam urna nibh condimentum, et venenatis faucibus iaculis porta lacinia dictumst turpis varius, sollicitudin senectus penatibus justo dis eget lectus quam. Maximus habitant cubilia nibh mi dictumst nunc commodo convallis, elementum vehicula taciti natoque aliquam elit faucibus cursus, quisque ultrices donec tempor penatibus arcu leo, bibendum curabitur porta vitae massa lacus aptent. Blandit aptent laoreet enim sapien iaculis quisque nunc lobortis commodo, lectus per ornare hendrerit sodales leo porta diam, placerat mus vulputate porttitor sem montes cursus nisi. Diam tortor auctor nam in nascetur sagittis maximus class tempus, justo suspendisse maecenas dictumst duis rhoncus habitasse primis nostra nec, rutrum tempor parturient donec potenti libero proin pharetra."
